{
  "Total" : {
    "transaction" : "Total",
    "sampleCount" : 1000,
    "errorCount" : 1,
    "errorPct" : 0.1,
    "meanResTime" : 72.02300000000007,
    "medianResTime" : 36.0,
    "minResTime" : 25.0,
    "maxResTime" : 5726.0,
    "pct1ResTime" : 63.0,
    "pct2ResTime" : 79.0,
    "pct3ResTime" : 1097.5000000000005,
    "throughput" : 62.58213905751299,
    "receivedKBytesPerSec" : 420.51579416734467,
    "sentKBytesPerSec" : 11.917497183803743
  },
  "HTTP Request" : {
    "transaction" : "HTTP Request",
    "sampleCount" : 1000,
    "errorCount" : 1,
    "errorPct" : 0.1,
    "meanResTime" : 72.02300000000007,
    "medianResTime" : 36.0,
    "minResTime" : 25.0,
    "maxResTime" : 5726.0,
    "pct1ResTime" : 63.0,
    "pct2ResTime" : 79.0,
    "pct3ResTime" : 1097.5000000000005,
    "throughput" : 62.58213905751299,
    "receivedKBytesPerSec" : 420.51579416734467,
    "sentKBytesPerSec" : 11.917497183803743
  }
}